id,num,neg|score,neg|p-value,neg|fdr,neg|rank,neg|goodsgrna,neg|lfc,pos|score,pos|p-value,pos|fdr,pos|rank,pos|goodsgrna,pos|lfc
Non-Targeting,593,-1.31E-66,4.95E-06,0.000289,1,0,0,3.70E-58,4.95E-06,0.000578,1,0,0
TNFAIP3,4,1,1,0.999995,584,0,0.76414,3.09E-11,4.95E-06,0.000578,2,4,0.76414
ZFP36,4,1,1,0.999995,583,0,0.53907,8.26E-10,4.95E-06,0.000578,3,4,0.53907
DUSP1,4,1,1,0.999995,582,0,0.27149,3.96E-09,4.95E-06,0.000578,4,4,0.27149
MITF,4,1,1,0.999995,581,0,0.44933,6.00E-08,4.95E-06,0.000578,5,4,0.44933
FOS,4,0.87755,0.87777,0.999995,493,0,0.12551,7.55E-05,0.00030188,0.029383,6,3,0.12551
ADO,4,0.93909,0.93982,0.999995,528,0,0.13817,0.00011264,0.00044045,0.036746,7,3,0.13817
CHUK,4,0.95459,0.95497,0.999995,538,0,0.11202,0.00013773,0.00053943,0.039379,8,3,0.11202
MYCBP2,4,0.9891,0.98934,0.999995,567,0,0.13295,0.00029188,0.0011234,0.072897,9,3,0.13295
REL,4,0.97098,0.97108,0.999995,549,0,0.089283,0.00065646,0.0024794,0.144798,10,3,0.089283
SFPQ,4,0.99815,0.99807,0.999995,578,0,0.096967,0.00085293,0.0031228,0.165791,11,3,0.096967
CREB1,4,0.73732,0.7364,0.999995,396,0,0.096767,0.0012142,0.0040334,0.196291,12,3,0.096767
RABGGTA,4,0.80306,0.80253,0.999995,439,0,0.079448,0.0013624,0.0044788,0.201201,13,2,0.079448
LEO1,4,0.53521,0.53424,0.999995,270,1,0.079964,0.0019537,0.0058744,0.245045,14,3,0.079964
OTULIN,4,0.90966,0.91076,0.999995,511,0,0.064936,0.0022251,0.0066266,0.257996,15,2,0.064936
RC3H1,4,0.99852,0.99845,0.999995,579,0,0.10023,0.0028408,0.0081905,0.290887,16,3,0.10023
RHOA,4,0.34177,0.36764,0.999995,173,1,0.081726,0.0029378,0.0084676,0.290887,17,3,0.081726
POLR2L,4,0.74785,0.74688,0.999995,403,0,0.085375,0.0032682,0.0092693,0.300739,18,3,0.085375
ACVR1B,4,0.99624,0.99628,0.999995,574,0,0.086724,0.0053989,0.014822,0.455583,19,3,0.086724
MYB,4,0.67148,0.67118,0.999995,349,0,0.071794,0.0062029,0.016653,0.484167,20,3,0.071794
CYLD,4,0.99694,0.99699,0.999995,577,0,0.066,0.0068022,0.018138,0.484167,21,3,0.066
EIF2AK2,4,0.99908,0.99894,0.999995,580,0,0.073329,0.0069403,0.018544,0.484167,22,3,0.073329
CD19,4,0.90881,0.90984,0.999995,510,0,0.056796,0.0071598,0.019068,0.484167,23,2,0.056796
NFKB1,4,0.9919,0.99227,0.999995,569,0,0.063701,0.0076573,0.020345,0.485665,24,3,0.063701
KAT5,4,0.39874,0.41264,0.999995,199,1,0.072526,0.0078526,0.02079,0.485665,25,2,0.072526
PGM3,4,0.96037,0.9605,0.999995,543,0,0.058266,0.010311,0.027194,0.610827,26,2,0.058266
RXRA,4,0.89935,0.89978,0.999995,507,0,0.054774,0.011659,0.030332,0.656069,27,3,0.054774
ERG,4,0.73857,0.73747,0.999995,398,0,0.034308,0.013082,0.034172,0.712737,28,2,0.034308
IL18RAP,4,0.99313,0.99326,0.999995,572,0,0.066669,0.015178,0.038448,0.774267,29,2,0.066669
JUNB,4,0.91732,0.91826,0.999995,517,0,0.070309,0.020898,0.047,0.895115,30,2,0.070309
RPN1,4,0.71592,0.71521,0.999995,378,0,0.056439,0.021178,0.047515,0.895115,31,2,0.056439
TNFRSF14,4,0.98956,0.98982,0.999995,568,0,0.05419,0.025881,0.054651,0.978893,32,2,0.05419
SLITRK4,4,0.82211,0.82239,0.999995,454,0,0.029153,0.026323,0.055314,0.978893,33,1,0.029153
CCDC174,4,0.60264,0.60146,0.999995,305,0,0.04998,0.02807,0.057838,0.993455,34,2,0.04998
SLITRK5,4,0.82022,0.82036,0.999995,453,0,0.032772,0.031669,0.063143,0.999995,35,2,0.032772
GSDMA,4,0.85682,0.857,0.999995,477,0,0.040824,0.032006,0.063747,0.999995,36,2,0.040824
IRF7,4,0.16005,0.24153,0.999995,113,1,-0.027756,0.038039,0.072685,0.999995,37,1,-0.027756
PPARA,4,0.95004,0.95084,0.999995,534,0,0.050051,0.038696,0.073823,0.999995,38,2,0.050051
FASLG,4,0.84017,0.84032,0.999995,467,0,0.023704,0.039704,0.075476,0.999995,39,2,0.023704
DPP10,4,0.98239,0.98261,0.999995,562,0,0.050382,0.041299,0.077782,0.999995,40,2,0.050382
CYBA,4,0.74968,0.74874,0.999995,405,0,0.043827,0.041366,0.077871,0.999995,41,2,0.043827
ITGAL,4,0.72385,0.7233,0.999995,386,0,0.039623,0.046325,0.084968,0.999995,42,2,0.039623
CD36,4,0.7557,0.75493,0.999995,407,0,0.045471,0.04792,0.087314,0.999995,43,2,0.045471
HLA-DRB5,4,0.18828,0.25985,0.999995,120,1,-0.030634,0.049648,0.089739,0.999995,44,1,-0.030634
DMAP1,4,0.94399,0.94481,0.999995,531,0,0.054324,0.050767,0.091481,0.999995,45,2,0.054324
IFNAR1,4,0.40921,0.42136,0.999995,205,1,0.016482,0.051298,0.092104,0.999995,46,1,0.016482
KLRC4-KLRK1,4,0.5146,0.51384,0.999995,257,1,0.027926,0.054529,0.096994,0.999995,47,2,0.027926
PAIP1,4,0.34802,0.37238,0.999995,176,1,0.016007,0.056235,0.09931,0.999995,48,2,0.016007
TTC33,4,0.30205,0.33733,0.999995,157,1,0.057322,0.057531,0.10141,0.999995,49,2,0.057322
TANK,4,0.26328,0.30981,0.999995,143,1,-0.028845,0.057876,0.10196,0.999995,50,1,-0.028845
FUT2,4,0.1824,0.25636,0.999995,118,1,0.038432,0.057965,0.10208,0.999995,51,2,0.038432
SMARCC2,4,0.51857,0.51792,0.999995,260,1,0.0034608,0.061043,0.10709,0.999995,52,2,0.0034608
RNF40,4,0.71055,0.71016,0.999995,376,0,0.04582,0.06442,0.11244,0.999995,53,1,0.04582
GABRG2,4,0.82768,0.82801,0.999995,459,0,0.010945,0.066051,0.11467,0.999995,54,1,0.010945
S100A9,4,0.26055,0.30795,0.999995,142,1,0.022024,0.067393,0.11662,0.999995,55,2,0.022024
HLA-A,4,0.69325,0.6923,0.999995,362,0,-0.0017492,0.067679,0.11699,0.999995,56,1,-0.0017492
LYZ,4,0.98833,0.98865,0.999995,564,0,0.041283,0.067856,0.11726,0.999995,57,2,0.041283
CUL5,4,0.97217,0.97215,0.999995,552,0,0.052313,0.068321,0.11783,0.999995,58,2,0.052313
NOTCH4,4,0.96516,0.96524,0.999995,546,0,0.04456,0.069254,0.11913,0.999995,59,2,0.04456
RBX1,4,0.45301,0.4588,0.999995,227,1,0.031784,0.069722,0.11975,0.999995,60,2,0.031784
PSCA,4,0.95236,0.95304,0.999995,536,0,0.065182,0.070191,0.12044,0.999995,61,2,0.065182
TBK1,4,0.81301,0.8127,0.999995,447,0,0.022442,0.07093,0.12153,0.999995,62,1,0.022442
TGFBR1,4,0.65403,0.65337,0.999995,338,0,0.052843,0.071134,0.12178,0.999995,63,2,0.052843
HAX1,4,0.15402,0.23741,0.999995,112,1,0.02672,0.071608,0.12253,0.999995,64,2,0.02672
CTR9,4,0.45953,0.46455,0.999995,229,1,0.032871,0.074172,0.12655,0.999995,65,2,0.032871
MS4A14,4,0.99687,0.99695,0.999995,576,0,0.065858,0.074474,0.12692,0.999995,66,2,0.065858
JRK,4,0.44973,0.45563,0.999995,225,1,0.016443,0.07544,0.12833,0.999995,67,2,0.016443
SIGLEC5,4,0.47662,0.47939,0.999995,236,1,0.034363,0.077385,0.1315,0.999995,68,2,0.034363
NAMPT,4,0.63749,0.63609,0.999995,327,0,-0.0022358,0.077406,0.13153,0.999995,69,1,-0.0022358
HLA-C,4,0.71858,0.7177,0.999995,380,0,0.039311,0.07935,0.13436,0.999995,70,2,0.039311
LEF1,4,0.95787,0.95834,0.999995,541,0,0.036003,0.080837,0.13663,0.999995,71,2,0.036003
DDX18,4,0.60692,0.60588,0.999995,306,0,0.05552,0.081834,0.13782,0.999995,72,2,0.05552
TUBGCP2,4,0.87177,0.87185,0.999995,487,0,0.027114,0.082334,0.13866,0.999995,73,2,0.027114
PRDM1,4,0.91915,0.91978,0.999995,518,0,0.043563,0.083338,0.14016,0.999995,74,2,0.043563
GOSR2,4,0.51659,0.51618,0.999995,258,1,0.00053741,0.083848,0.14088,0.999995,75,1,0.00053741
MSN,4,0.85761,0.85778,0.999995,478,0,0.051807,0.08536,0.14304,0.999995,76,2,0.051807
GSDMD,4,0.36282,0.38374,0.999995,185,1,0.032311,0.087914,0.14713,0.999995,77,2,0.032311
BCL3,4,0.4398,0.44714,0.999995,222,1,0.019543,0.088429,0.14788,0.999995,78,2,0.019543
ATP2B4,4,0.60947,0.60814,0.999995,309,0,0.043623,0.089978,0.15005,0.999995,79,2,0.043623
GSX1,4,0.69887,0.69835,0.999995,368,0,0.029123,0.092061,0.15311,0.999995,80,2,0.029123
GYPE,4,0.98863,0.98894,0.999995,565,0,0.055308,0.093108,0.15464,0.999995,81,2,0.055308
STAT3,4,0.83356,0.83381,0.999995,462,0,0.039382,0.093447,0.1551,0.999995,82,1,0.039382
BRD7,4,0.98231,0.98257,0.999995,561,0,0.035126,0.09504,0.15746,0.999995,83,1,0.035126
PLEKHB2,4,0.97717,0.97714,0.999995,555,0,0.043866,0.097345,0.16098,0.999995,84,2,0.043866
TMCO4,4,0.73097,0.73013,0.999995,390,0,0.040622,0.097879,0.16187,0.999995,85,2,0.040622
TRAF3,4,0.01198,0.031371,0.550238,33,2,-0.070951,0.098218,0.16241,0.999995,86,1,-0.070951
DDOST,4,0.57536,0.57466,0.999995,291,0,0.005141,0.099489,0.16417,0.999995,87,2,0.005141
IFNGR2,4,0.98875,0.9891,0.999995,566,0,0.042899,0.10165,0.16729,0.999995,88,2,0.042899
DLEC1,4,0.86155,0.86168,0.999995,482,0,0.034052,0.10383,0.17066,0.999995,89,2,0.034052
TLR5,4,0.61369,0.6124,0.999995,312,0,0.037451,0.10548,0.17303,0.999995,90,2,0.037451
PAF1,4,0.31634,0.34816,0.999995,164,1,0.068011,0.10603,0.1739,0.999995,91,2,0.068011
SMAD7,4,0.49331,0.4938,0.999995,244,1,-0.043237,0.10928,0.17874,0.999995,92,1,-0.043237
TMEM56-RWDD3,4,0.79846,0.79789,0.999995,435,0,0.024187,0.11085,0.18094,0.999995,93,1,0.024187
WWC3,4,0.96888,0.96874,0.999995,547,0,0.052897,0.11159,0.1821,0.999995,94,2,0.052897
RNF25,4,0.40805,0.42038,0.999995,204,1,0.011425,0.11271,0.18387,0.999995,95,2,0.011425
IL15RA,4,0.89781,0.89814,0.999995,506,0,0.046226,0.11384,0.18559,0.999995,96,2,0.046226
PICALM,4,0.31892,0.34999,0.999995,165,1,0.029703,0.11441,0.18631,0.999995,97,2,0.029703
NINJ1,4,0.79167,0.79113,0.999995,429,0,0.018304,0.11498,0.18715,0.999995,98,2,0.018304
ARIH2,4,0.69677,0.69625,0.999995,365,0,0.0037846,0.11868,0.19238,0.999995,99,1,0.0037846
HSPD1,4,0.7232,0.72264,0.999995,385,0,0.036994,0.12179,0.19705,0.999995,100,1,0.036994
TAPBP,4,0.84573,0.84582,0.999995,475,0,0.017858,0.12186,0.19713,0.999995,101,2,0.017858
BPTF,4,0.54097,0.54041,0.999995,274,0,0.029657,0.12335,0.19855,0.999995,102,1,0.029657
HIST1H3G,4,0.24539,0.29769,0.999995,136,1,-0.027736,0.13264,0.20502,0.999995,103,1,-0.027736
UQCRH,4,0.049648,0.092194,0.928294,58,1,-0.03781,0.13571,0.20696,0.999995,104,1,-0.03781
TXNDC17,4,0.76219,0.76115,0.999995,411,0,0.040144,0.13725,0.20804,0.999995,105,1,0.040144
PRF1,4,0.80508,0.80466,0.999995,440,0,0.0027627,0.14185,0.21128,0.999995,106,1,0.0027627
GHITM,4,0.73416,0.73334,0.999995,393,0,0.0009519,0.1449,0.21343,0.999995,107,1,0.0009519
UQCR10,4,0.76335,0.76232,0.999995,412,0,0.0017878,0.14947,0.21668,0.999995,108,1,0.0017878
TRAPPC9,4,0.058401,0.10481,0.999995,60,2,-0.017342,0.15099,0.21764,0.999995,109,1,-0.017342
CCNG1,4,0.84189,0.84175,0.999995,468,0,0.041902,0.1525,0.21868,0.999995,110,1,0.041902
ZNF823,4,0.85999,0.86032,0.999995,480,0,0.010532,0.15402,0.21988,0.999995,111,1,0.010532
ERCC6,4,0.71325,0.71268,0.999995,377,0,0.0024177,0.16306,0.22639,0.999995,112,1,0.0024177
CDK1,4,0.55702,0.5561,0.999995,284,0,0.011073,0.16456,0.22738,0.999995,113,1,0.011073
FOXF1,4,0.58164,0.58061,0.999995,295,0,-0.024422,0.16755,0.22963,0.999995,114,1,-0.024422
DSG1,4,0.87612,0.87619,0.999995,490,0,0.031291,0.17054,0.23155,0.999995,115,1,0.031291
C1orf141,4,0.92522,0.92584,0.999995,522,0,0.022384,0.17203,0.23253,0.999995,116,1,0.022384
IL23R,4,0.73352,0.7326,0.999995,392,0,0.031128,0.175,0.23445,0.999995,117,1,0.031128
RIPK1,4,0.86116,0.86133,0.999995,481,0,0.017188,0.17797,0.2364,0.999995,118,1,0.017188
TADA3,4,0.83623,0.83653,0.999995,465,0,-0.010001,0.18387,0.24081,0.999995,119,1,-0.010001
C2,4,0.29679,0.33405,0.999995,155,1,-0.030978,0.18535,0.2418,0.999995,120,1,-0.030978
MIDN,4,0.47451,0.47745,0.999995,234,1,-0.0018019,0.18828,0.24359,0.999995,121,1,-0.0018019
HLA-B,4,0.13264,0.2131,0.999995,100,1,0.0088112,0.18975,0.24467,0.999995,122,1,0.0088112
E2F7,4,0.77812,0.77691,0.999995,420,0,0.014951,0.19121,0.24576,0.999995,123,1,0.014951
XPR1,4,0.93718,0.93798,0.999995,525,0,0.030155,0.19414,0.24778,0.999995,124,1,0.030155
TFDP1,4,0.61536,0.61403,0.999995,313,0,-0.019577,0.19559,0.24881,0.999995,125,1,-0.019577
AKT1,4,0.63989,0.63861,0.999995,330,0,0.021932,0.19705,0.24975,0.999995,126,1,0.021932
RELB,4,0.52646,0.52553,0.999995,264,1,-0.004534,0.1985,0.25068,0.999995,127,1,-0.004534
MS4A7,4,0.65557,0.65507,0.999995,340,0,0.039438,0.19996,0.25162,0.999995,128,1,0.039438
KSR2,4,0.5381,0.53719,0.999995,273,1,-0.030594,0.20141,0.25248,0.999995,129,1,-0.030594
STAT5B,4,0.88415,0.88431,0.999995,496,0,0.0070557,0.20285,0.25357,0.999995,130,1,0.0070557
TLR1,4,0.018937,0.047455,0.659854,42,3,-0.068385,0.20719,0.25672,0.999995,131,1,-0.068385
INPP5D,4,0.99603,0.99596,0.999995,573,0,0.047784,0.20863,0.25762,0.999995,132,1,0.047784
RASSF1,4,0.13571,0.21744,0.999995,102,1,-0.036952,0.21293,0.26067,0.999995,133,1,-0.036952
NCOA5,4,0.44864,0.45477,0.999995,224,1,0.0079908,0.21437,0.2616,0.999995,134,1,0.0079908
MEF2A,4,0.83177,0.83175,0.999995,461,0,0.012877,0.2158,0.26265,0.999995,135,1,0.012877
LRP1B,4,0.54193,0.54136,0.999995,275,0,-0.038048,0.21723,0.26387,0.999995,136,1,-0.038048
IFI30,4,0.75689,0.756,0.999995,408,0,0.0051778,0.22008,0.26586,0.999995,137,1,0.0051778
TNFSF15,4,0.22008,0.28074,0.999995,129,1,0.02519,0.22292,0.26783,0.999995,138,1,0.02519
PDCD10,4,0.67371,0.67336,0.999995,351,0,-0.00059113,0.22858,0.27165,0.999995,139,1,-0.00059113
VCAN,4,0.6685,0.66861,0.999995,348,0,0.043919,0.22999,0.27268,0.999995,140,1,0.043919
SNX13,4,0.047519,0.089244,0.928294,56,2,-0.052302,0.2314,0.27386,0.999995,141,1,-0.052302
ZNF703,4,0.63266,0.63118,0.999995,324,0,0.020619,0.23422,0.27603,0.999995,142,1,0.020619
TMEM176B,4,0.81544,0.8154,0.999995,450,0,0.035025,0.23702,0.27813,0.999995,143,1,0.035025
SERHL2,4,0.63185,0.63021,0.999995,323,0,0.014236,0.23842,0.27912,0.999995,144,1,0.014236
TLR7,4,0.80558,0.80517,0.999995,441,0,0.017577,0.23982,0.28023,0.999995,145,1,0.017577
LPL,4,0.14795,0.23333,0.999995,109,1,0.034384,0.24121,0.28117,0.999995,146,1,0.034384
GTF2IRD1,4,0.97864,0.97865,0.999995,557,0,0.038226,0.24261,0.2819,0.999995,147,1,0.038226
MAP2K2,4,0.58342,0.58255,0.999995,297,0,-0.033106,0.25093,0.28781,0.999995,148,1,-0.033106
HIF1A,4,0.2215,0.28181,0.999995,130,1,0.022645,0.25231,0.28871,0.999995,149,1,0.022645
IQCH,4,0.89114,0.8915,0.999995,501,0,0.033836,0.25368,0.28978,0.999995,150,1,0.033836
FLOT1,4,0.37978,0.39709,0.999995,191,1,-0.0033774,0.25918,0.29359,0.999995,151,1,-0.0033774
ASH2L,4,0.52449,0.52372,0.999995,263,1,0.029587,0.26055,0.29455,0.999995,152,1,0.029587
FCGR2B,4,0.59312,0.59206,0.999995,300,0,0.026515,0.26191,0.29551,0.999995,153,1,0.026515
CFTR,4,0.85841,0.85859,0.999995,479,0,0.011854,0.26464,0.29747,0.999995,154,1,0.011854
NFATC1,4,0.35422,0.3771,0.999995,181,1,0.0033323,0.266,0.29863,0.999995,155,1,0.0033323
PIK3CD,4,0.24954,0.30065,0.999995,138,1,-0.031166,0.26736,0.29954,0.999995,156,1,-0.031166
TRPS1,4,0.79587,0.79533,0.999995,431,0,0.0046793,0.27008,0.30146,0.999995,157,1,0.0046793
IRF3,4,0.45192,0.45781,0.999995,226,1,0.020366,0.27548,0.30584,0.999995,158,1,0.020366
IL12B,4,0.25093,0.30152,0.999995,139,1,-0.012018,0.27951,0.30903,0.999995,159,1,-0.012018
DMD,4,0.54574,0.54502,0.999995,277,0,-0.0010902,0.28085,0.31008,0.999995,160,1,-0.0010902
TRAM1,4,0.35174,0.37526,0.999995,179,1,0.02295,0.28219,0.31116,0.999995,161,1,0.02295
CTCF,4,0.89467,0.89538,0.999995,504,0,0.042895,0.28353,0.31214,0.999995,162,1,0.042895
LRRFIP2,4,0.76451,0.76347,0.999995,413,0,0.01805,0.28753,0.31503,0.999995,163,1,0.01805
CBFB,4,0.83667,0.83702,0.999995,466,0,0.019608,0.29018,0.31718,0.999995,164,1,0.019608
AQP11,4,0.10603,0.17453,0.999995,84,2,-0.039331,0.29151,0.31811,0.999995,165,1,-0.039331
IRF4,4,0.42861,0.43775,0.999995,213,1,-0.019785,0.29679,0.32212,0.999995,166,1,-0.019785
UNG,4,0.99218,0.99245,0.999995,570,0,0.040869,0.29811,0.32299,0.999995,167,1,0.040869
ITGB2,4,0.22434,0.2835,0.999995,131,1,-0.0022047,0.30073,0.32478,0.999995,168,1,-0.0022047
GPR18,4,0.56534,0.5649,0.999995,286,0,0.01783,0.30466,0.32751,0.999995,169,1,0.01783
CCDC22,4,0.43423,0.44231,0.999995,218,1,0.033555,0.30597,0.32862,0.999995,170,1,0.033555
BUD13,4,0.11085,0.18147,0.999995,87,1,-0.014945,0.30727,0.32964,0.999995,171,1,-0.014945
TIFAB,4,0.40341,0.41631,0.999995,201,1,-0.0096222,0.30987,0.33161,0.999995,172,1,-0.0096222
GSK3B,4,0.62696,0.62558,0.999995,320,0,0.0025849,0.31117,0.33273,0.999995,173,1,0.0025849
TYK2,4,0.73479,0.73387,0.999995,394,0,0.023097,0.31246,0.334,0.999995,174,1,0.023097
NFKBIB,4,0.2115,0.27494,0.999995,126,1,-0.014619,0.31376,0.33504,0.999995,175,1,-0.014619
CEP290,4,0.91705,0.91796,0.999995,516,0,0.02833,0.31505,0.33617,0.999995,176,1,0.02833
TNFSF11,4,0.94076,0.94154,0.999995,530,0,0.016949,0.31634,0.33725,0.999995,177,1,0.016949
DLG2,4,0.59747,0.59612,0.999995,302,0,0.03016,0.32277,0.34229,0.999995,178,1,0.03016
NAAA,4,0.38694,0.40282,0.999995,195,1,0.02128,0.32405,0.34348,0.999995,179,1,0.02128
C3,4,0.6617,0.66138,0.999995,345,0,0.023407,0.3266,0.34565,0.999995,180,1,0.023407
HSPA1B,4,0.30987,0.34284,0.999995,161,1,-0.026363,0.33295,0.35064,0.999995,181,1,-0.026363
RELA,4,0.0023437,0.0071809,0.19062,22,3,-0.17132,0.33422,0.35168,0.999995,182,1,-0.17132
RCL1,4,0.37738,0.39526,0.999995,190,1,-0.011779,0.33548,0.35274,0.999995,183,1,-0.011779
CNEP1R1,4,0.97949,0.97957,0.999995,560,0,0.051362,0.33674,0.35373,0.999995,184,1,0.051362
ZNRD1,4,0.97332,0.97328,0.999995,554,0,0.023046,0.34052,0.35708,0.999995,185,1,0.023046
TSPAN4,4,0.72515,0.72456,0.999995,387,0,0.0026732,0.34177,0.35801,0.999995,186,1,0.0026732
EFR3A,4,0.90118,0.90179,0.999995,508,0,0.023099,0.34302,0.35907,0.999995,187,1,0.023099
DEPDC5,4,0.43311,0.44156,0.999995,217,1,-0.010695,0.34428,0.36002,0.999995,188,1,-0.010695
HAT1,4,0.29811,0.33487,0.999995,156,1,0.038227,0.34552,0.36099,0.999995,189,1,0.038227
SLC12A5,4,0.73288,0.73204,0.999995,391,0,0.0086672,0.34677,0.36205,0.999995,190,1,0.0086672
CD38,4,0.0028981,0.0086062,0.218522,23,3,-0.093885,0.34926,0.36403,0.999995,191,1,-0.093885
ZCCHC24,4,0.10165,0.16802,0.999995,82,2,-0.04376,0.35174,0.36607,0.999995,192,1,-0.04376
PRKCQ,4,0.72645,0.72582,0.999995,388,0,0.0014591,0.35298,0.36704,0.999995,193,1,0.0014591
TMPRSS11F,4,0.72188,0.7212,0.999995,384,0,-0.012828,0.35422,0.36805,0.999995,194,1,-0.012828
HLA-DOB,4,0.29283,0.33117,0.999995,153,1,0.043702,0.35545,0.36905,0.999995,195,1,0.043702
ACTL6A,4,0.91218,0.91331,0.999995,514,0,0.012114,0.35668,0.37005,0.999995,196,1,0.012114
IL18R1,4,0.9717,0.97172,0.999995,551,0,0.031139,0.35792,0.37103,0.999995,197,1,0.031139
EHMT2,4,0.47557,0.47849,0.999995,235,1,0.012465,0.3616,0.3742,0.999995,198,1,0.012465
PDGFB,4,0.95625,0.95666,0.999995,540,0,0.03976,0.36405,0.37617,0.999995,199,1,0.03976
SLC35C1,4,0.73542,0.73435,0.999995,395,0,-0.025468,0.36527,0.37732,0.999995,200,1,-0.025468
G6PD,4,0.70851,0.70825,0.999995,373,0,-0.0065369,0.36649,0.37834,0.999995,201,1,-0.0065369
DBF4,4,0.30857,0.34193,0.999995,160,1,-0.014381,0.3677,0.37934,0.999995,202,1,-0.014381
RFXAP,4,0.80154,0.80086,0.999995,438,0,-0.0094861,0.37013,0.38151,0.999995,203,1,-0.0094861
PTPRR,4,0.84531,0.84525,0.999995,474,0,0.026238,0.37134,0.38241,0.999995,204,1,0.026238
MBL2,4,0.47873,0.4813,0.999995,238,1,0.033645,0.37376,0.38425,0.999995,205,1,0.033645
MICA,4,0.58253,0.58171,0.999995,296,0,-0.017401,0.37497,0.38533,0.999995,206,1,-0.017401
USP21,4,0.71792,0.71716,0.999995,379,0,0.016001,0.37617,0.38627,0.999995,207,1,0.016001
HLA-DMA,4,0.93116,0.93206,0.999995,524,0,0.026983,0.37858,0.38841,0.999995,208,1,0.026983
DAB2,4,0.81879,0.81893,0.999995,452,0,-0.0098608,0.38098,0.39043,0.999995,209,1,-0.0098608
SLC2A8,4,0.85521,0.85516,0.999995,476,0,-0.0028865,0.38217,0.39154,0.999995,210,1,-0.0028865
TLR2,4,0.029032,0.06249,0.829414,44,2,-0.031893,0.38456,0.39343,0.999995,211,1,-0.031893
CSGALNACT1,4,0.72057,0.71992,0.999995,382,0,0.0071588,0.39404,0.4017,0.999995,212,1,0.0071588
APOM,4,0.031334,0.065816,0.849146,45,2,-0.039494,0.39756,0.4048,0.999995,213,1,-0.039494
MAP2K6,4,0.91022,0.91139,0.999995,513,0,0.0024884,0.39991,0.40687,0.999995,214,1,0.0024884
SEPHS2,4,0.31117,0.34391,0.999995,162,1,-0.0098869,0.40108,0.40769,0.999995,215,1,-0.0098869
CBLL1,4,0.90994,0.91102,0.999995,512,0,0.027085,0.40224,0.40868,0.999995,216,1,0.027085
ASCC1,4,0.94858,0.94939,0.999995,533,0,0.061423,0.40457,0.4107,0.999995,217,1,0.061423
LRRC32,4,0.9467,0.94746,0.999995,532,0,0.03191,0.40689,0.4128,0.999995,218,1,0.03191
PIK3CA,4,0.11611,0.18922,0.999995,89,2,-0.024666,0.40805,0.41394,0.999995,219,1,-0.024666
IRAK3,4,0.35915,0.38102,0.999995,183,1,-0.015268,0.41267,0.41798,0.999995,220,1,-0.015268
ACP5,4,0.95148,0.95228,0.999995,535,0,0.03358,0.41611,0.42113,0.999995,221,1,0.03358
STK4,4,0.50048,0.50081,0.999995,249,1,-0.015367,0.41954,0.4244,0.999995,222,1,-0.015367
PIGT,4,0.74907,0.74803,0.999995,404,0,-0.0082477,0.42636,0.43044,0.999995,223,1,-0.0082477
RCAN1,4,0.58785,0.58676,0.999995,298,0,0.013857,0.42749,0.43125,0.999995,224,1,0.013857
BRD2,4,0.40689,0.41931,0.999995,203,1,0.026737,0.42974,0.43346,0.999995,225,1,0.026737
CASP10,4,0.89244,0.89291,0.999995,502,0,0.034511,0.43087,0.43443,0.999995,226,1,0.034511
KRT10,4,0.050767,0.093906,0.929509,59,2,-0.066055,0.43199,0.43546,0.999995,227,1,-0.066055
UBE2N,4,0.42296,0.43302,0.999995,210,1,0.014548,0.43311,0.43658,0.999995,228,1,0.014548
BYSL,4,0.47768,0.4803,0.999995,237,1,0.0094713,0.43646,0.4392,0.999995,229,1,0.0094713
XKR6,4,0.338,0.3645,0.999995,171,1,0.018311,0.4398,0.44249,0.999995,230,1,0.018311
HLA-DQB1,4,0.79897,0.79839,0.999995,436,0,0.030317,0.44202,0.44454,0.999995,231,1,0.030317
ZMAT5,4,0.77923,0.77807,0.999995,422,0,-0.0017457,0.44423,0.44641,0.999995,232,1,-0.0017457
TYRO3,4,0.78847,0.78773,0.999995,427,0,0.025162,0.44644,0.44836,0.999995,233,1,0.025162
NFATC2,4,0.89308,0.89365,0.999995,503,0,0.036373,0.44754,0.44947,0.999995,234,1,0.036373
CD40,4,0.22999,0.28709,0.999995,133,1,-0.038545,0.44864,0.45061,0.999995,235,1,-0.038545
NOD1,4,0.13664,0.21876,0.999995,103,2,-0.019505,0.44973,0.45158,0.999995,236,1,-0.019505
NLRP3,4,0.96347,0.96355,0.999995,544,0,0.049501,0.45083,0.45276,0.999995,237,1,0.049501
APLP1,4,0.93951,0.94026,0.999995,529,0,0.026967,0.45192,0.45385,0.999995,238,1,0.026967
TAB3,4,0.049132,0.09159,0.928294,57,2,-0.058879,0.45301,0.45491,0.999995,239,1,-0.058879
CSMD3,4,0.46706,0.4709,0.999995,231,1,0.0086208,0.45736,0.45906,0.999995,240,1,0.0086208
NFKBIE,4,0.5116,0.51109,0.999995,256,1,-0.023842,0.45953,0.46107,0.999995,241,1,-0.023842
MAPK14,4,0.97275,0.97276,0.999995,553,0,0.038702,0.46061,0.46205,0.999995,242,1,0.038702
CBX7,4,0.81154,0.8112,0.999995,445,0,0.021468,0.46169,0.463,0.999995,243,1,0.021468
DOCK8,4,0.28219,0.32367,0.999995,149,1,0.023029,0.46384,0.46492,0.999995,244,1,0.023029
RAB32,4,0.6548,0.65421,0.999995,339,0,0.015413,0.46492,0.46598,0.999995,245,1,0.015413
CARD10,4,0.17352,0.25017,0.999995,115,1,-0.018746,0.46599,0.46687,0.999995,246,1,-0.018746
ARAP2,4,0.83446,0.83462,0.999995,463,0,0.02546,0.46813,0.46873,0.999995,247,1,0.02546
RNGTT,4,0.34926,0.3733,0.999995,177,1,-0.0073378,0.4692,0.46978,0.999995,248,1,-0.0073378
CLCN4,4,0.070662,0.12282,0.999995,67,2,-0.04498,0.47239,0.47286,0.999995,249,1,-0.04498
IL2RA,4,0.44091,0.44814,0.999995,223,1,-0.032702,0.47345,0.47394,0.999995,250,1,-0.032702
DHX15,4,0.29547,0.33302,0.999995,154,1,-0.040591,0.47557,0.47595,0.999995,251,1,-0.040591
RAB18,4,0.81495,0.81495,0.999995,449,0,-0.0068919,0.47768,0.47791,0.999995,252,1,-0.0068919
HLA-DOA,4,0.82304,0.82328,0.999995,455,0,0.0091806,0.47978,0.48013,0.999995,253,1,0.0091806
ICAM1,4,0.99666,0.99675,0.999995,575,0,0.059669,0.48083,0.48107,0.999995,254,1,0.059669
MALT1,4,0.67813,0.67757,0.999995,355,0,0.02916,0.48293,0.48287,0.999995,255,1,0.02916
ANGPTL6,4,0.95835,0.95865,0.999995,542,0,0.035093,0.48502,0.48473,0.999995,256,1,0.035093
SLC39A7,4,0.1449,0.23114,0.999995,108,1,-0.025007,0.48917,0.48876,0.999995,257,1,-0.025007
RAC1,4,0.06464,0.11463,0.999995,64,2,-0.05146,0.49021,0.48955,0.999995,258,1,-0.05146
MERTK,4,0.085453,0.14445,0.999995,73,1,0.0038302,0.49124,0.49042,0.999995,259,1,0.0038302
TRAF6,4,0.069306,0.12091,0.999995,66,2,-0.061257,0.49228,0.49132,0.999995,260,1,-0.061257
SBNO2,4,0.014795,0.038329,0.589063,38,3,-0.091852,0.49331,0.49228,0.999995,261,1,-0.091852
TLR9,4,0.74417,0.74326,0.999995,400,0,0.040052,0.49434,0.49331,0.999995,262,1,0.040052
PRKAA1,4,0.50959,0.50913,0.999995,255,1,-0.01649,0.49536,0.49431,0.999995,263,1,-0.01649
INTS10,4,0.77478,0.77369,0.999995,418,0,0.020183,0.49742,0.49651,0.999995,264,1,0.020183
GOT1,4,0.25231,0.30239,0.999995,140,1,0.0061077,0.49844,0.49757,0.999995,265,1,0.0061077
CASP1,4,0.67519,0.67479,0.999995,353,0,-0.0046325,0.49946,0.49862,0.999995,266,1,-0.0046325
TMEM176A,4,0.28353,0.32455,0.999995,150,1,-0.0099532,0.5015,0.50066,0.999995,267,0,-0.0099532
SPP1,4,0.84318,0.84305,0.999995,470,0,0.01271,0.50454,0.50359,0.999995,268,0,0.01271
TAB1,4,0.99231,0.99252,0.999995,571,0,0.045444,0.50758,0.50656,0.999995,269,0,0.045444
CFD,4,0.23842,0.29325,0.999995,135,1,-0.043571,0.50858,0.50747,0.999995,270,0,-0.043571
CTSZ,4,0.16456,0.24452,0.999995,114,1,0.046171,0.51059,0.5095,0.999995,271,0,0.046171
AP3B1,4,0.21865,0.2799,0.999995,128,1,0.026108,0.5116,0.51053,0.999995,272,0,0.026108
NSMCE2,4,0.67593,0.67551,0.999995,354,0,-0.027208,0.5126,0.51151,0.999995,273,0,-0.027208
PTGER4,4,0.79794,0.79728,0.999995,434,0,0.0019768,0.51659,0.51582,0.999995,274,0,0.0019768
NOD2,4,0.987,0.98738,0.999995,563,0,0.042561,0.51857,0.51761,0.999995,275,0,0.042561
MKX,4,0.86464,0.86489,0.999995,484,0,0.0099875,0.51956,0.51871,0.999995,276,0,0.0099875
A4GALT,4,0.64936,0.64864,0.999995,335,0,-0.015695,0.52154,0.52086,0.999995,277,0,-0.015695
HLA-DRA,4,0.35792,0.37987,0.999995,182,1,-0.019261,0.52351,0.52276,0.999995,278,0,-0.019261
HSP90B1,4,0.53713,0.53615,0.999995,272,1,0.0042833,0.52449,0.52357,0.999995,279,0,0.0042833
NEUROD4,4,0.0147,0.038062,0.589063,37,2,-0.046609,0.52548,0.52444,0.999995,280,0,-0.046609
NLRX1,4,0.34052,0.36674,0.999995,172,1,-0.026552,0.52646,0.52543,0.999995,281,0,-0.026552
EIF5,4,0.074957,0.12912,0.999995,69,2,-0.050622,0.52743,0.52641,0.999995,282,0,-0.050622
JAK2,4,0.67223,0.67192,0.999995,350,0,0.032165,0.52841,0.52731,0.999995,283,0,0.032165
ARPC4-TTLL3,4,0.22858,0.28617,0.999995,132,1,-0.040767,0.53036,0.5294,0.999995,284,0,-0.040767
UBE2F,4,0.84403,0.84394,0.999995,472,0,0.031611,0.53133,0.53039,0.999995,285,0,0.031611
BRAF,4,0.97134,0.9714,0.999995,550,0,0.037604,0.5323,0.53139,0.999995,286,0,0.037604
SLC37A4,4,0.69466,0.6939,0.999995,363,0,0.015443,0.53327,0.53229,0.999995,287,0,0.015443
HMGB1,4,0.90564,0.90647,0.999995,509,0,0.014329,0.53424,0.53319,0.999995,288,0,0.014329
MAPK8,4,0.36405,0.38475,0.999995,186,1,0.0011654,0.53617,0.53525,0.999995,289,0,0.0011654
MDC,4,0.87359,0.87355,0.999995,489,0,0.0093398,0.53713,0.53614,0.999995,290,0,0.0093398
TMEM80,4,0.93782,0.93864,0.999995,527,0,0.033642,0.53906,0.53805,0.999995,291,0,0.033642
NUMA1,4,0.42974,0.43867,0.999995,214,1,0.012254,0.54002,0.53921,0.999995,292,0,0.012254
CCR6,4,0.79219,0.79172,0.999995,430,0,0.0048383,0.54097,0.54041,0.999995,293,0,0.0048383
COMMD8,4,0.62614,0.62482,0.999995,319,0,0.0030713,0.54288,0.54235,0.999995,294,0,0.0030713
CCL2,4,0.43087,0.43959,0.999995,215,1,0.040351,0.54384,0.54325,0.999995,295,0,0.040351
ABCF1,4,0.9639,0.9641,0.999995,545,0,0.025399,0.54479,0.5441,0.999995,296,0,0.025399
JAZF1,4,0.21437,0.27673,0.999995,127,1,0.0054671,0.54574,0.54502,0.999995,297,0,0.0054671
SAA1,4,0.64386,0.64279,0.999995,332,0,-0.013478,0.54763,0.54689,0.999995,298,0,-0.013478
C5,4,0.48397,0.48574,0.999995,241,1,0.019308,0.54858,0.54778,0.999995,299,0,0.019308
CCDC88B,4,0.76625,0.76527,0.999995,415,0,0.035078,0.55046,0.54983,0.999995,300,0,0.035078
EGFR,4,0.41497,0.42629,0.999995,208,1,0.02417,0.5514,0.55056,0.999995,301,0,0.02417
TLR6,4,0.69112,0.69032,0.999995,360,0,0.019011,0.55234,0.55145,0.999995,302,0,0.019011
RIC8B,4,0.97757,0.97745,0.999995,556,0,0.022891,0.55515,0.55428,0.999995,303,0,0.022891
TRAF2,4,0.3505,0.3743,0.999995,178,1,0.019384,0.55609,0.55518,0.999995,304,0,0.019384
ATAD2B,4,0.97883,0.97887,0.999995,558,0,0.018904,0.55795,0.55703,0.999995,305,0,0.018904
ADCY4,4,0.87648,0.87647,0.999995,491,0,0.022479,0.55981,0.55895,0.999995,306,0,0.022479
KIAA1683,4,0.19414,0.26372,0.999995,121,1,-0.01073,0.56073,0.55993,0.999995,307,0,-0.01073
ZBTB7C,4,0.70919,0.70891,0.999995,374,0,-1.42E-06,0.56258,0.56191,0.999995,308,0,-1.42E-06
TAP2,4,0.43535,0.44322,0.999995,219,1,-0.018911,0.56534,0.5649,0.999995,309,0,-0.018911
PPP1R10,4,0.74663,0.74561,0.999995,401,0,-0.001688,0.56718,0.56668,0.999995,310,0,-0.001688
CSF2RB,4,0.64858,0.64781,0.999995,334,0,0.034791,0.57083,0.57027,0.999995,311,0,0.034791
POLR2E,4,0.63427,0.63291,0.999995,325,0,-0.010403,0.57355,0.57305,0.999995,312,0,-0.010403
RAD54B,4,0.97902,0.97908,0.999995,559,0,0.027339,0.57716,0.57641,0.999995,313,0,0.027339
ECSIT,4,0.34552,0.37042,0.999995,175,1,-0.026987,0.57895,0.57787,0.999995,314,0,-0.026987
AXL,4,0.92096,0.92184,0.999995,520,0,0.019923,0.58431,0.58349,0.999995,315,0,0.019923
KCNU1,4,0.17945,0.25408,0.999995,116,1,0.0034878,0.58519,0.58426,0.999995,316,0,0.0034878
STAT1,4,0.51956,0.519,0.999995,261,1,0.0095132,0.58608,0.58521,0.999995,317,0,0.0095132
IL6ST,4,0.64227,0.64121,0.999995,331,0,0.0097077,0.58696,0.58593,0.999995,318,0,0.0097077
EGR1,4,0.92472,0.92534,0.999995,521,0,0.029743,0.59224,0.59104,0.999995,319,0,0.029743
GSDMC,4,0.73795,0.73696,0.999995,397,0,0.0073628,0.59399,0.59287,0.999995,320,0,0.0073628
TAP1,4,0.077406,0.133,0.999995,70,1,-0.054534,0.59573,0.59436,0.999995,321,0,-0.054534
PPP2R1A,4,0.39756,0.41168,0.999995,198,1,-0.0050082,0.59747,0.59612,0.999995,322,0,-0.0050082
SAMD9,4,0.50454,0.50453,0.999995,252,1,-0.0090361,0.59833,0.59703,0.999995,323,0,-0.0090361
PIP4K2A,4,0.69747,0.69702,0.999995,366,0,0.0033278,0.5992,0.59805,0.999995,324,0,0.0033278
ELK1,4,0.097879,0.16273,0.999995,77,2,-0.032166,0.60006,0.59884,0.999995,325,0,-0.032166
NR3C1,4,0.58961,0.58833,0.999995,299,0,-0.01928,0.6035,0.60244,0.999995,326,0,-0.01928
OTUD7B,4,0.0015292,0.0050924,0.156526,19,3,-0.098585,0.60692,0.60588,0.999995,327,0,-0.098585
TBX1,4,0.5015,0.50177,0.999995,250,1,0.016904,0.60777,0.60652,0.999995,328,0,0.016904
PRKRA,4,0.82722,0.82752,0.999995,458,0,0.012258,0.60862,0.60729,0.999995,329,0,0.012258
KIDINS220,4,0.96988,0.96998,0.999995,548,0,0.027949,0.61453,0.61324,0.999995,330,0,0.027949
FANCM,4,0.87966,0.87977,0.999995,494,0,0.010821,0.6162,0.61495,0.999995,331,0,0.010821
AAGAB,4,0.48502,0.48668,0.999995,242,1,-0.019426,0.61704,0.61578,0.999995,332,0,-0.019426
ZNF384,4,0.34302,0.36861,0.999995,174,1,-0.015096,0.61787,0.61657,0.999995,333,0,-0.015096
NCAPD2,4,0.80957,0.80907,0.999995,443,0,-0.0021115,0.6187,0.61736,0.999995,334,0,-0.0021115
CARD6,4,0.93761,0.93844,0.999995,526,0,0.027812,0.61954,0.61822,0.999995,335,0,0.027812
ZCCHC11,4,0.88652,0.88671,0.999995,498,0,-0.0033234,0.62202,0.62054,0.999995,336,0,-0.0033234
SEC61A1,4,0.82814,0.82836,0.999995,460,0,0.013135,0.62532,0.62375,0.999995,337,0,0.013135
GSDMB,4,0.65941,0.65912,0.999995,343,0,0.0035075,0.62614,0.62482,0.999995,338,0,0.0035075
S100A8,4,0.79691,0.7963,0.999995,432,0,0.010314,0.62696,0.62558,0.999995,339,0,0.010314
MUC22,4,0.57083,0.57027,0.999995,288,0,-0.011338,0.62778,0.62628,0.999995,340,0,-0.011338
PTPN2,4,0.77534,0.77427,0.999995,419,0,0.015288,0.62859,0.62707,0.999995,341,0,0.015288
MAN1C1,4,0.13725,0.2197,0.999995,104,1,-0.00775,0.62941,0.62783,0.999995,342,0,-0.00775
TOLLIP,4,0.66549,0.66538,0.999995,346,0,0.012154,0.63022,0.62862,0.999995,343,0,0.012154
TGFB1,4,0.10111,0.16725,0.999995,80,2,-0.028195,0.63588,0.63462,0.999995,344,0,-0.028195
ARPC4,4,0.74724,0.74614,0.999995,402,0,0.024467,0.63669,0.63534,0.999995,345,0,0.024467
ENPP6,4,0.53617,0.53526,0.999995,271,1,0.0024504,0.63829,0.63691,0.999995,346,0,0.0024504
RFX5,4,0.81056,0.81015,0.999995,444,0,-0.018901,0.63909,0.63773,0.999995,347,0,-0.018901
KIF23,4,0.20285,0.26911,0.999995,124,1,-0.0064227,0.63989,0.63861,0.999995,348,0,-0.0064227
HLA-F,4,0.70441,0.70374,0.999995,371,0,0.013618,0.64148,0.64041,0.999995,349,0,0.013618
PABPC1,4,0.38337,0.39991,0.999995,193,1,-0.0051843,0.64227,0.64121,0.999995,350,0,-0.0051843
MAX,4,0.28085,0.32266,0.999995,148,1,0.016059,0.64465,0.64365,0.999995,351,0,0.016059
CLEC16A,4,0.38575,0.4019,0.999995,194,1,-6.91E-07,0.64544,0.64467,0.999995,352,0,-6.91E-07
CEBPA,4,0.8135,0.81325,0.999995,448,0,-0.020679,0.64701,0.6462,0.999995,353,0,-0.020679
TMEM70,4,0.57626,0.57558,0.999995,292,0,-0.020117,0.64858,0.64781,0.999995,354,0,-0.020117
BCL10,4,0.63829,0.63691,0.999995,328,0,-0.00057175,0.65092,0.65037,0.999995,355,0,-0.00057175
LGALS9,4,0.46813,0.47175,0.999995,232,1,-0.035144,0.65865,0.65823,0.999995,356,0,-0.035144
COMMD7,4,0.89656,0.89696,0.999995,505,0,0.018258,0.65941,0.65912,0.999995,357,0,0.018258
SBDS,4,0.62037,0.6189,0.999995,316,0,-0.014141,0.6617,0.66138,0.999995,358,0,-0.014141
SDE2,4,0.67445,0.67408,0.999995,352,0,-0.024186,0.66246,0.66228,0.999995,359,0,-0.024186
TIRAP,4,0.5966,0.59526,0.999995,301,0,-0.012714,0.66398,0.66387,0.999995,360,0,-0.012714
PDPK1,4,0.95271,0.95335,0.999995,537,0,0.040346,0.66473,0.66463,0.999995,361,0,0.040346
C1GALT1C1L,4,0.95476,0.95511,0.999995,539,0,0.024111,0.66624,0.66617,0.999995,362,0,0.024111
SLC26A4,4,0.61031,0.60915,0.999995,310,0,-0.011661,0.66925,0.66925,0.999995,363,0,-0.011661
WDR61,4,0.41954,0.43017,0.999995,209,1,-0.013804,0.66999,0.66981,0.999995,364,0,-0.013804
YEATS4,4,0.50758,0.50735,0.999995,253,1,0.0004278,0.67223,0.67192,0.999995,365,0,0.0004278
BTK,4,0.88279,0.88303,0.999995,495,0,0.014424,0.67297,0.67262,0.999995,366,0,0.014424
EGR2,4,0.52743,0.52648,0.999995,265,1,-0.0024019,0.67445,0.67408,0.999995,367,0,-0.0024019
SLC35A1,4,0.7539,0.75336,0.999995,406,0,0.017097,0.6774,0.67681,0.999995,368,0,0.017097
HLA-DRB1,4,0.65092,0.65037,0.999995,336,0,0.0030876,0.67813,0.67757,0.999995,369,0,0.0030876
PPIF,4,0.63669,0.63534,0.999995,326,0,-0.019815,0.67886,0.67838,0.999995,370,0,-0.019815
JUN,4,0.78307,0.78193,0.999995,425,0,0.0027576,0.68105,0.68047,0.999995,371,0,0.0027576
JAGN1,4,0.21006,0.274,0.999995,125,1,0.028902,0.68468,0.6841,0.999995,372,0,0.028902
NFIC,4,0.55046,0.54983,0.999995,280,0,0.023458,0.68684,0.68631,0.999995,373,0,0.023458
CD14,4,0.0014394,0.0049737,0.156526,18,2,-0.22008,0.69254,0.69166,0.999995,374,0,-0.22008
TRADD,4,0.52841,0.52737,0.999995,266,1,-0.01362,0.69396,0.69317,0.999995,375,0,-0.01362
CASP4,4,0.62859,0.62707,0.999995,322,0,-0.015514,0.69537,0.6945,0.999995,376,0,-0.015514
AP1AR,4,0.045536,0.086334,0.923332,54,2,-0.040622,0.69817,0.69757,0.999995,377,0,-0.040622
KAT2A,4,0.84232,0.84219,0.999995,469,0,-0.0075808,0.69887,0.69835,0.999995,378,0,-0.0075808
CR1,4,0.60777,0.60652,0.999995,307,0,-0.025888,0.70303,0.70251,0.999995,379,0,-0.025888
DNTTIP1,4,0.82676,0.82703,0.999995,457,0,0.006971,0.70509,0.70458,0.999995,380,0,0.006971
CRK,4,0.91545,0.9164,0.999995,515,0,0.017965,0.70646,0.70608,0.999995,381,0,0.017965
TBCE,4,0.54952,0.54866,0.999995,279,0,0.013449,0.70783,0.70753,0.999995,382,0,0.013449
VSIG4,4,0.64465,0.64365,0.999995,333,0,0.0067887,0.70851,0.70825,0.999995,383,0,0.0067887
MAPK1,4,0.38217,0.39906,0.999995,192,1,0.027655,0.70987,0.70956,0.999995,384,0,0.027655
OAS3,4,0.12535,0.20242,0.999995,94,2,-0.033742,0.71122,0.71086,0.999995,385,0,-0.033742
LZTS1,4,0.26736,0.3127,0.999995,145,1,0.016441,0.71257,0.71204,0.999995,386,0,0.016441
ERBB2,4,0.53133,0.53043,0.999995,269,1,-0.012797,0.71459,0.71399,0.999995,387,0,-0.012797
CIITA,4,0.49434,0.49481,0.999995,245,1,0.018478,0.71526,0.71454,0.999995,388,0,0.018478
SOCS1,4,0.8688,0.86875,0.999995,486,0,0.017057,0.71659,0.71583,0.999995,389,0,0.017057
SPIRE1,4,0.20141,0.26811,0.999995,123,1,-0.025392,0.71726,0.71652,0.999995,390,0,-0.025392
CARD9,4,0.47978,0.48238,0.999995,239,1,-0.010031,0.71792,0.71716,0.999995,391,0,-0.010031
CYBB,4,0.060599,0.10845,0.999995,63,2,-0.080675,0.71925,0.71842,0.999995,392,0,-0.080675
IL2RG,4,0.36037,0.38199,0.999995,184,1,0.020611,0.72385,0.7233,0.999995,393,0,0.020611
AGPAT1,4,0.70095,0.70039,0.999995,369,0,-0.020188,0.7245,0.72386,0.999995,394,0,-0.020188
OAS2,4,0.667,0.66701,0.999995,347,0,0.0022468,0.7258,0.72523,0.999995,395,0,0.0022468
DGKA,4,0.26872,0.31362,0.999995,146,1,-0.017841,0.7271,0.72649,0.999995,396,0,-0.017841
TMEM258,4,0.28753,0.3273,0.999995,152,1,0.011087,0.72904,0.72846,0.999995,397,0,0.011087
CTNND1,4,0.68251,0.68186,0.999995,356,0,0.0095961,0.73097,0.73013,0.999995,398,0,0.0095961
C1orf106,4,0.50251,0.5027,0.999995,251,1,-0.0083857,0.73669,0.7357,0.999995,399,0,-0.0083857
MYC,4,0.88551,0.8858,0.999995,497,0,0.00052078,0.73732,0.7364,0.999995,400,0,0.00052078
WAS,4,0.65788,0.65754,0.999995,341,0,-0.0094667,0.73857,0.73747,0.999995,401,0,-0.0094667
TGIF1,4,0.6212,0.6197,0.999995,317,0,0.0025506,0.73983,0.73889,0.999995,402,0,0.0025506
ATF6B,4,0.58074,0.57973,0.999995,294,0,-0.037038,0.74417,0.74326,0.999995,403,0,-0.037038
SUOX,4,0.14185,0.22669,0.999995,107,1,-0.026617,0.74479,0.74378,0.999995,404,0,-0.026617
NEDD8,4,0.88885,0.88904,0.999995,500,0,0.022552,0.7454,0.74426,0.999995,405,0,0.022552
TLR10,4,0.60092,0.59972,0.999995,303,0,-0.0086452,0.74602,0.74494,0.999995,406,0,-0.0086452
IDO1,4,0.77978,0.77856,0.999995,423,0,0.01333,0.7521,0.7513,0.999995,407,0,0.01333
PPP2R1B,4,0.42523,0.4349,0.999995,212,1,-0.036255,0.7527,0.75204,0.999995,408,0,-0.036255
WDR34,4,0.15099,0.23531,0.999995,111,1,-0.021424,0.7557,0.75493,0.999995,409,0,-0.021424
FLI1,4,0.045143,0.08578,0.923332,53,2,-0.050002,0.75689,0.756,0.999995,410,0,-0.050002
FCGR2A,4,0.42409,0.43392,0.999995,211,1,-0.010513,0.75866,0.75758,0.999995,411,0,-0.010513
ATP6V1B2,4,0.3266,0.35598,0.999995,166,1,0.0074735,0.76043,0.75948,0.999995,412,0,0.0074735
CD151,4,0.88752,0.88764,0.999995,499,0,0.0189,0.7616,0.76064,0.999995,413,0,0.0189
MIB2,4,0.12955,0.20847,0.999995,98,1,-0.043906,0.76277,0.7617,0.999995,414,0,-0.043906
ATP5D,4,0.70372,0.7031,0.999995,370,0,-0.0028703,0.76567,0.76476,0.999995,415,0,-0.0028703
RAD54L,4,0.78686,0.78614,0.999995,426,0,0.00042292,0.76625,0.76527,0.999995,416,0,0.00042292
TTLL7,4,0.49844,0.49883,0.999995,247,1,0.005631,0.76797,0.76704,0.999995,417,0,0.005631
ATG16L1,4,0.49946,0.49984,0.999995,248,1,-0.0062484,0.76969,0.76863,0.999995,418,0,-0.0062484
CD47,4,0.8725,0.87259,0.999995,488,0,-0.0099825,0.77083,0.76975,0.999995,419,0,-0.0099825
FAM50A,4,0.8256,0.82588,0.999995,456,0,0.0067879,0.77196,0.77069,0.999995,420,0,0.0067879
RALBP1,4,0.81252,0.81225,0.999995,446,0,0.0066469,0.77253,0.77134,0.999995,421,0,0.0066469
SGMS1,4,0.1249,0.20178,0.999995,93,1,-0.014736,0.77478,0.77369,0.999995,422,0,-0.014736
TLR8,4,0.81688,0.8169,0.999995,451,0,0.01187,0.7759,0.77475,0.999995,423,0,0.01187
L3MBTL3,4,0.77422,0.7731,0.999995,417,0,0.013691,0.77646,0.7752,0.999995,424,0,0.013691
HLA-G,4,0.75866,0.75758,0.999995,409,0,-0.0041003,0.77701,0.77587,0.999995,425,0,-0.0041003
NLRC5,4,0.54384,0.54325,0.999995,276,0,-0.024707,0.77757,0.77632,0.999995,426,0,-0.024707
MAPK3,4,0.91967,0.92037,0.999995,519,0,0.0010435,0.77812,0.77691,0.999995,427,0,0.0010435
ITPA,4,0.37617,0.39423,0.999995,189,1,-0.048119,0.77923,0.77807,0.999995,428,0,-0.048119
CEBPG,4,0.77868,0.77737,0.999995,421,0,-0.0056049,0.78033,0.77922,0.999995,429,0,-0.0056049
MAP2K4,4,0.68323,0.68255,0.999995,357,0,0.0092666,0.78143,0.78032,0.999995,430,0,0.0092666
UBE2L3,4,0.088657,0.14937,0.999995,74,1,-0.0133,0.78253,0.78137,0.999995,431,0,-0.0133
POU2F2,4,0.28486,0.32536,0.999995,151,1,-0.038683,0.78307,0.78193,0.999995,432,0,-0.038683
VARS2,4,0.54669,0.54598,0.999995,278,0,-0.0156,0.78362,0.78258,0.999995,433,0,-0.0156
VAMP1,4,0.76855,0.76763,0.999995,416,0,0.010813,0.78525,0.78421,0.999995,434,0,0.010813
BACH2,4,0.23562,0.29132,0.999995,134,1,-0.01226,0.78633,0.78542,0.999995,435,0,-0.01226
DDAH2,4,0.091538,0.15339,0.999995,75,2,-0.061788,0.78686,0.78614,0.999995,436,0,-0.061788
CTSB,4,0.49639,0.49681,0.999995,246,1,-0.020499,0.78901,0.78836,0.999995,437,0,-0.020499
NSF,4,0.10928,0.17929,0.999995,86,1,0.0094303,0.79114,0.79065,0.999995,438,0,0.0094303
TYMP,4,0.569,0.56857,0.999995,287,0,0.0056658,0.79167,0.79113,0.999995,439,0,0.0056658
NFKBIA,4,5.89E-05,0.0002128,0.010356,12,3,-0.32353,0.79534,0.79493,0.999995,440,0,-0.32353
RDH14,4,0.071608,0.12417,0.999995,68,2,-0.072581,0.79794,0.79728,0.999995,441,0,-0.072581
PSMB9,4,0.36527,0.38582,0.999995,187,1,-0.036431,0.79846,0.79789,0.999995,442,0,-0.036431
RPSA,4,0.7417,0.74069,0.999995,399,0,-0.0044115,0.80051,0.79988,0.999995,443,0,-0.0044115
RIPK2,4,0.70578,0.70537,0.999995,372,0,-0.034825,0.80205,0.80136,0.999995,444,0,-0.034825
DLG5,4,0.43758,0.44521,0.999995,221,1,-0.014294,0.80255,0.8021,0.999995,445,0,-0.014294
COMMD6,4,0.39991,0.41363,0.999995,200,1,-0.017038,0.80407,0.80351,0.999995,446,0,-0.017038
MEF2C,4,0.56073,0.55993,0.999995,285,0,0.00097914,0.80508,0.80466,0.999995,447,0,0.00097914
GYPC,4,0.55515,0.55428,0.999995,283,0,0.00598,0.81398,0.81397,0.999995,448,0,0.00598
CISH,4,0.013378,0.034944,0.583072,35,3,-0.055695,0.8164,0.81639,0.999995,449,0,-0.055695
PRKCE,4,0.015947,0.040933,0.612939,39,3,-0.076972,0.82069,0.82084,0.999995,450,0,-0.076972
RBCK1,4,0.69254,0.69166,0.999995,361,0,-0.0024599,0.82116,0.82125,0.999995,451,0,-0.0024599
ATP6AP1,4,0.10328,0.1705,0.999995,83,2,-0.049303,0.82583,0.82616,0.999995,452,0,-0.049303
PRKCH,4,0.14947,0.23442,0.999995,110,1,-0.012274,0.82676,0.82703,0.999995,453,0,-0.012274
LACC1,4,0.53036,0.52945,0.999995,268,1,0.0028104,0.83132,0.83136,0.999995,454,0,0.0028104
CTPS1,4,0.62778,0.62628,0.999995,321,0,-0.02605,0.83177,0.83175,0.999995,455,0,-0.02605
PCDH7,4,0.8654,0.86571,0.999995,485,0,0.0028825,0.83312,0.83325,0.999995,456,0,0.0028825
IGSF11,4,0.51758,0.51712,0.999995,259,1,-0.012497,0.8349,0.83513,0.999995,457,0,-0.012497
YY1,4,0.33169,0.35988,0.999995,167,1,-0.022573,0.83799,0.83829,0.999995,458,0,-0.022573
PSMB8,4,0.6162,0.61495,0.999995,314,0,-0.03101,0.84017,0.84032,0.999995,459,0,-0.03101
TRIM26,4,0.43646,0.44405,0.999995,220,1,0.0040929,0.8406,0.84074,0.999995,460,0,0.0040929
DAD1,4,0.75984,0.75881,0.999995,410,0,-0.022708,0.84146,0.84139,0.999995,461,0,-0.022708
MAPK7,4,0.84361,0.84352,0.999995,471,0,0.012425,0.84361,0.84352,0.999995,462,0,0.012425
MAP2K7,4,0.83579,0.83614,0.999995,464,0,-0.0025642,0.84403,0.84394,0.999995,463,0,-0.0025642
GPAA1,4,0.61284,0.61169,0.999995,311,0,-0.027875,0.84446,0.84441,0.999995,464,0,-0.027875
GPX4,4,0.57355,0.57305,0.999995,290,0,-0.018467,0.84488,0.84476,0.999995,465,0,-0.018467
SIRT1,4,0.6854,0.68476,0.999995,358,0,-0.002692,0.85156,0.85188,0.999995,466,0,-0.002692
RAB5C,4,0.78033,0.77922,0.999995,424,0,-0.0089328,0.85197,0.85216,0.999995,467,0,-0.0089328
ETS2,4,0.84488,0.84476,0.999995,473,0,-0.0020577,0.85319,0.85328,0.999995,468,0,-0.0020577
CRIPAK,4,0.10139,0.16768,0.999995,81,1,-0.035313,0.85602,0.85607,0.999995,469,0,-0.035313
MAP3K1,4,0.50858,0.50819,0.999995,254,1,0.0051642,0.8592,0.85949,0.999995,470,0,0.0051642
KRAS,4,0.31246,0.34506,0.999995,163,1,0.0057926,0.85999,0.86032,0.999995,471,0,0.0057926
SKIV2L,4,0.4692,0.47274,0.999995,233,1,-0.016381,0.86077,0.86108,0.999995,472,0,-0.016381
PPAN-P2RY11,4,0.69817,0.69757,0.999995,367,0,-0.017503,0.86194,0.86214,0.999995,473,0,-0.017503
BBS9,4,0.93023,0.93102,0.999995,523,0,0.0069845,0.86271,0.86298,0.999995,474,0,0.0069845
NFYC,4,0.099489,0.16495,0.999995,78,2,-0.072956,0.86349,0.86378,0.999995,475,0,-0.072956
B4GALT1,4,0.5514,0.55056,0.999995,281,0,-0.042419,0.86387,0.86408,0.999995,476,0,-0.042419
ZNF79,4,0.45736,0.46273,0.999995,228,1,-0.022609,0.8654,0.86571,0.999995,477,0,-0.022609
MUC21,4,0.62202,0.62054,0.999995,318,0,-0.027053,0.86767,0.86781,0.999995,478,0,-0.027053
FOXM1,4,0.266,0.31183,0.999995,144,1,-0.027287,0.87103,0.87097,0.999995,479,0,-0.027287
MSRA,4,0.38931,0.40469,0.999995,196,1,-0.042702,0.8725,0.87259,0.999995,480,0,-0.042702
SLC4A1,4,0.35298,0.37616,0.999995,180,1,-0.00020592,0.87323,0.87325,0.999995,481,0,-0.00020592
KSR1,4,0.78954,0.78901,0.999995,428,0,-0.0042059,0.87359,0.87355,0.999995,482,0,-0.0042059
CFH,4,0.80709,0.80662,0.999995,442,0,-0.012175,0.87468,0.87467,0.999995,483,0,-0.012175
CDHR3,4,0.66018,0.65994,0.999995,344,0,-0.013617,0.87683,0.87693,0.999995,484,0,-0.013617
CXCL10,4,0.14088,0.22526,0.999995,105,2,-0.043787,0.87719,0.87734,0.999995,485,0,-0.043787
ZMIZ1,4,0.12012,0.19483,0.999995,91,2,-0.039072,0.87966,0.87977,0.999995,486,0,-0.039072
IRF2,4,0.72123,0.72057,0.999995,383,0,-0.014695,0.8821,0.88209,0.999995,487,0,-0.014695
LY96,4,0.0093285,0.024809,0.455835,31,2,-0.067226,0.88347,0.88366,0.999995,488,0,-0.067226
GNRH1,4,0.032006,0.066885,0.849146,46,2,-0.048702,0.88449,0.88466,0.999995,489,0,-0.048702
CXCR4,4,0.04593,0.086958,0.923332,55,2,-0.059204,0.88585,0.88609,0.999995,490,0,-0.059204
STK11,4,0.71991,0.71913,0.999995,381,0,-0.013797,0.88652,0.88671,0.999995,491,0,-0.013797
ALG2,4,0.36892,0.38884,0.999995,188,1,-0.057541,0.88719,0.8874,0.999995,492,0,-0.057541
ATF1,4,0.80103,0.80035,0.999995,437,0,-0.0094733,0.88885,0.88904,0.999995,493,0,-0.0094733
NIPBL,4,0.0049764,0.013961,0.313584,26,3,-0.14917,0.88984,0.8902,0.999995,494,0,-0.14917
RFXANK,4,0.25506,0.30434,0.999995,141,1,-0.012893,0.89179,0.8923,0.999995,495,0,-0.012893
COMMD1,4,0.30335,0.3382,0.999995,158,1,0.00067259,0.89276,0.89333,0.999995,496,0,0.00067259
IRAK4,4,0.79742,0.79671,0.999995,433,0,-0.0044722,0.89625,0.89667,0.999995,497,0,-0.0044722
GPR183,4,0.55328,0.55246,0.999995,282,0,-0.053925,0.89688,0.89728,0.999995,498,0,-0.053925
NCF4,4,0.60862,0.60729,0.999995,308,0,-0.011201,0.8975,0.89784,0.999995,499,0,-0.011201
IKBKE,4,0.48293,0.48491,0.999995,240,1,-0.00024827,0.90268,0.90336,0.999995,500,0,-0.00024827
NR1H3,4,0.19559,0.26463,0.999995,122,1,-0.015368,0.90328,0.90393,0.999995,501,0,-0.015368
IL1B,4,0.24816,0.29969,0.999995,137,1,-0.018545,0.9068,0.90767,0.999995,502,0,-0.018545
NIPAL2,4,0.33674,0.3636,0.999995,170,1,-0.019982,0.90852,0.90952,0.999995,503,0,-0.019982
MAP3K7,4,0.86233,0.86246,0.999995,483,0,-0.0017985,0.90909,0.91013,0.999995,504,0,-0.0017985
HDAC3,4,0.036371,0.0732,0.890595,48,2,-0.051348,0.91162,0.91287,0.999995,505,0,-0.051348
SPRED2,4,0.40573,0.41828,0.999995,202,1,-0.027868,0.91218,0.91331,0.999995,506,0,-0.027868
CTBP1,4,0.87719,0.87734,0.999995,492,0,-0.0056331,0.913,0.91409,0.999995,507,0,-0.0056331
FGF12,4,0.30597,0.34007,0.999995,159,1,-0.017533,0.91382,0.91487,0.999995,508,0,-0.017533
PIK3R1,4,0.13109,0.21069,0.999995,99,1,-0.0046022,0.9141,0.91512,0.999995,509,0,-0.0046022
RFWD2,4,0.00046793,0.0017668,0.068786,15,3,-0.19738,0.91518,0.91614,0.999995,510,0,-0.19738
MRPL51,4,0.76567,0.76476,0.999995,414,0,-0.016839,0.91679,0.91772,0.999995,511,0,-0.016839
IL10,4,0.12888,0.20736,0.999995,96,2,-0.068459,0.91705,0.91796,0.999995,512,0,-0.068459
RWDD3,4,0.68755,0.68696,0.999995,359,0,-0.02918,0.91863,0.91942,0.999995,513,0,-0.02918
GNAS,4,0.61704,0.61578,0.999995,315,0,-0.01979,0.91967,0.92037,0.999995,514,0,-0.01979
E2F1,4,0.52055,0.52008,0.999995,262,1,-0.019462,0.92096,0.92184,0.999995,515,0,-0.019462
P2RY11,4,0.65865,0.65823,0.999995,342,0,-0.0043124,0.92323,0.92396,0.999995,516,0,-0.0043124
MAP2K3,4,0.0063988,0.017386,0.376044,27,3,-0.075313,0.92348,0.92416,0.999995,517,0,-0.075313
MED30,4,0.41152,0.4233,0.999995,206,1,-0.061636,0.92398,0.92463,0.999995,518,0,-0.061636
DRAP1,4,0.10713,0.17611,0.999995,85,2,-0.058725,0.9274,0.92817,0.999995,519,0,-0.058725
RPS26,4,0.14149,0.22625,0.999995,106,2,-0.036119,0.9293,0.93005,0.999995,520,0,-0.036119
CTNS,4,0.70987,0.70956,0.999995,375,0,-0.025351,0.93,0.93075,0.999995,521,0,-0.025351
MYD88,4,0.46492,0.46918,0.999995,230,1,-0.021391,0.93116,0.93206,0.999995,522,0,-0.021391
MAPKAPK2,4,0.039704,0.078267,0.923332,49,2,-0.036367,0.93139,0.9323,0.999995,523,0,-0.036367
IL17RA,4,0.18682,0.25902,0.999995,119,1,-0.025885,0.93299,0.93371,0.999995,524,0,-0.025885
AHR,4,0.10057,0.16653,0.999995,79,2,-0.048386,0.93455,0.93528,0.999995,525,0,-0.048386
IRAK2,4,0.026323,0.05858,0.795604,43,2,-0.044906,0.93478,0.9355,0.999995,526,0,-0.044906
GAS6,4,0.57806,0.5771,0.999995,293,0,-0.04228,0.93675,0.93749,0.999995,527,0,-0.04228
TNFRSF1A,4,0.27548,0.31861,0.999995,147,1,-0.027909,0.94178,0.94263,0.999995,528,0,-0.027909
OTUD3,4,0.43199,0.44053,0.999995,216,1,-0.014716,0.94708,0.94789,0.999995,529,0,-0.014716
IKBKB,4,0.69537,0.6945,0.999995,364,0,-0.030324,0.94764,0.9485,0.999995,530,0,-0.030324
RPN2,4,0.33295,0.36069,0.999995,168,1,-0.051331,0.94802,0.94882,0.999995,531,0,-0.051331
SHARPIN,4,0.41382,0.42529,0.999995,207,1,-0.037312,0.9504,0.95116,0.999995,532,0,-0.037312
MAP3K14,4,0.72904,0.72846,0.999995,389,0,-0.0072774,0.95183,0.95264,0.999995,533,0,-0.0072774
HIST1H3A,4,0.57264,0.57213,0.999995,289,0,-0.032417,0.95739,0.95789,0.999995,534,0,-0.032417
CLIC1,4,0.018288,0.045792,0.652263,41,3,-0.079079,0.95755,0.95806,0.999995,535,0,-0.079079
ZC3H13,4,0.092061,0.15413,0.999995,76,2,-0.053823,0.96006,0.96026,0.999995,536,0,-0.053823
IRF5,4,0.11554,0.18839,0.999995,88,2,-0.046236,0.96021,0.96036,0.999995,537,0,-0.046236
G6PC3,4,0.63909,0.63773,0.999995,329,0,-0.034176,0.96112,0.96139,0.999995,538,0,-0.034176
TNFRSF11A,4,0.60178,0.60064,0.999995,304,0,-0.026938,0.96231,0.96245,0.999995,539,0,-0.026938
LINGO2,4,0.18093,0.25517,0.999995,117,1,-0.03535,0.96289,0.96296,0.999995,540,0,-0.03535
NPL,4,0.49124,0.49206,0.999995,243,1,-0.037196,0.96418,0.96442,0.999995,541,0,-0.037196
ZEB2,4,0.0023094,0.0071512,0.19062,21,3,-0.090572,0.96516,0.96524,0.999995,542,0,-0.090572
PPM1D,4,0.069254,0.12087,0.999995,65,2,-0.041738,0.96732,0.96738,0.999995,543,0,-0.041738
TRIB1,4,0.059516,0.1067,0.999995,61,1,-0.049189,0.96758,0.96759,0.999995,544,0,-0.049189
CEBPB,4,0.0093135,0.024789,0.455835,30,3,-0.077986,0.96785,0.96782,0.999995,545,0,-0.077986
RNF31,4,0.042819,0.082484,0.923332,50,2,-0.073986,0.9705,0.97065,0.999995,546,0,-0.073986
IKBKG,4,0.016908,0.042981,0.627529,40,3,-0.075599,0.97086,0.97097,0.999995,547,0,-0.075599
ATXN7L3,4,0.33548,0.36269,0.999995,169,1,-0.02949,0.97158,0.97163,0.999995,548,0,-0.02949
GPSM3,4,0.060157,0.10769,0.999995,62,2,-0.093701,0.97366,0.97364,0.999995,549,0,-0.093701
SOCS3,4,0.65248,0.65192,0.999995,337,0,-0.033344,0.97614,0.97614,0.999995,550,0,-0.033344
MICB,4,0.11897,0.1933,0.999995,90,2,-0.076922,0.97676,0.97679,0.999995,551,0,-0.076922
KIF15,4,0.044686,0.085097,0.923332,52,2,-0.06481,0.97835,0.97826,0.999995,552,0,-0.06481
TUBA1C,4,0.043975,0.084206,0.923332,51,2,-0.069661,0.98022,0.98037,0.999995,553,0,-0.069661
HLA-E,4,0.39286,0.4078,0.999995,197,1,-0.043751,0.98214,0.98238,0.999995,554,0,-0.043751
CSNK1A1,4,0.0047737,0.013308,0.310867,25,3,-0.09508,0.98304,0.98336,0.999995,555,0,-0.09508
TMED7-TICAM2,4,0.012249,0.032034,0.550238,34,3,-0.097058,0.98863,0.98894,0.999995,556,0,-0.097058
BCL9L,4,0.52939,0.52837,0.999995,267,1,-0.042783,0.98881,0.98916,0.999995,557,0,-0.042783
MAP2K1,4,0.0072932,0.019702,0.410921,28,3,-0.091697,0.98904,0.98931,0.999995,558,0,-0.091697
NFKB2,4,0.0085755,0.023087,0.455835,29,3,-0.11496,0.98922,0.98941,0.999995,559,0,-0.11496
KMT2D,4,0.0093976,0.024977,0.455835,32,3,-0.078978,0.98972,0.98999,0.999995,560,0,-0.078978
HLA-DMB,4,0.082334,0.14005,0.999995,71,2,-0.056034,0.99079,0.99117,0.999995,561,0,-0.056034
FADD,4,0.12335,0.19964,0.999995,92,1,-0.034735,0.99084,0.9912,0.999995,562,0,-0.034735
CFB,4,0.13483,0.21629,0.999995,101,2,-0.054424,0.99094,0.99129,0.999995,563,0,-0.054424
STAT2,4,0.014571,0.037755,0.589063,36,3,-0.067389,0.99227,0.9925,0.999995,564,0,-0.067389
IRAK1,4,0.0011054,0.0040928,0.140598,17,3,-0.15847,0.99313,0.99326,0.999995,565,0,-0.15847
AICDA,4,0.12947,0.20831,0.999995,97,2,-0.060705,0.99325,0.99338,0.999995,566,0,-0.060705
CASP8,4,0.1277,0.20584,0.999995,95,2,-0.057762,0.9953,0.99522,0.999995,567,0,-0.057762
PELI1,4,0.0036507,0.010596,0.257828,24,3,-0.1533,0.99569,0.99568,0.999995,568,0,-0.1533
VHL,4,0.036167,0.072814,0.890595,47,2,-0.10391,0.99592,0.99588,0.999995,569,0,-0.10391
TCF19,4,0.084347,0.14284,0.999995,72,2,-0.05325,0.99597,0.99594,0.999995,570,0,-0.05325
TICAM2,4,3.57E-06,4.95E-06,0.000289,9,3,-0.51261,0.99621,0.99626,0.999995,571,0,-0.51261
C6orf47,4,0.0018339,0.0058843,0.171821,20,3,-0.099514,0.99734,0.99728,0.999995,572,0,-0.099514
LST1,4,0.00052801,0.0019251,0.070267,16,4,-0.14443,0.99947,0.99941,0.999995,573,0,-0.14443
TNF,4,4.92E-09,4.95E-06,0.000289,2,4,-1.4245,0.99953,0.99952,0.999995,574,0,-1.4245
IKZF1,4,0.00037493,0.0014401,0.060074,14,4,-0.15644,0.99963,0.99965,0.999995,575,0,-0.15644
IER3,4,0.00017837,0.00071759,0.032237,13,4,-0.19908,0.99982,0.9998,0.999995,576,0,-0.19908
IRF8,4,4.64E-05,0.00019301,0.010247,11,4,-0.50459,0.99994,0.99993,0.999995,577,0,-0.50459
NFKBIZ,4,3.59E-06,4.95E-06,0.000289,10,4,-0.48999,1,1,0.999995,578,0,-0.48999
IRF1,4,3.18E-06,4.95E-06,0.000289,8,4,-0.35789,1,1,0.999995,579,0,-0.35789
AKIRIN2,4,2.07E-06,4.95E-06,0.000289,7,4,-0.21839,1,1,0.999995,580,0,-0.21839
MAP3K8,4,9.87E-07,4.95E-06,0.000289,6,4,-0.39364,1,1,0.999995,581,0,-0.39364
TLR4,4,7.89E-07,4.95E-06,0.000289,5,4,-0.38947,1,1,0.999995,582,0,-0.38947
TICAM1,4,5.85E-07,4.95E-06,0.000289,4,4,-0.23624,1,1,0.999995,583,0,-0.23624
MAF,4,5.50E-07,4.95E-06,0.000289,3,4,-0.25245,1,1,0.999995,584,0,-0.25245